<?xml version="1.0" encoding="ISO-8859-1"?>
<amf>
  <object id="1">
    <metadata type="name">Default</metadata>
    <mesh>
      <vertices>
        <vertex>
          <coordinates>
            <x>-1</x>
            <y>-0.999998</y>
            <z>0.999998</z>
          </coordinates>
        </vertex>
        <vertex>
          <coordinates>
            <x>-1</x>
            <y>-0.999998</y>
            <z>-1</z>
          </coordinates>
        </vertex>
        <vertex>
          <coordinates>
            <x>1</x>
            <y>-1</y>
            <z>-0.999998</z>
          </coordinates>
        </vertex>
        <vertex>
          <coordinates>
            <x>0.999996</x>
            <y>-1</y>
            <z>1</z>
          </coordinates>
        </vertex>
        <vertex>
          <coordinates>
            <x>-1</x>
            <y>1</y>
            <z>0.999997</z>
          </coordinates>
        </vertex>
        <vertex>
          <coordinates>
            <x>1</x>
            <y>0.999998</y>
            <z>1</z>
          </coordinates>
        </vertex>
        <vertex>
          <coordinates>
            <x>1</x>
            <y>0.999998</y>
            <z>-0.999998</z>
          </coordinates>
        </vertex>
        <vertex>
          <coordinates>
            <x>-0.999995</x>
            <y>1</y>
            <z>-1</z>
          </coordinates>
        </vertex>
      </vertices>
      <volume>
        <metadata type="name">tmp</metadata>
        <triangle>
          <color>
            <r>0</r>
            <g>0</g>
            <b>0</b>
            <a>1</a>
          </color>
          <v1>0</v1>
          <v2>1</v2>
          <v3>2</v3>
        </triangle>
        <triangle>
          <color>
            <r>0</r>
            <g>0</g>
            <b>0</b>
            <a>1</a>
          </color>
          <v1>0</v1>
          <v2>2</v2>
          <v3>3</v3>
        </triangle>
        <triangle>
          <color>
            <r>0.960784</r>
            <g>1</g>
            <b>0.121569</b>
            <a>1</a>
          </color>
          <v1>4</v1>
          <v2>5</v2>
          <v3>6</v3>
        </triangle>
        <triangle>
          <color>
            <r>0.960784</r>
            <g>1</g>
            <b>0.121569</b>
            <a>1</a>
          </color>
          <v1>4</v1>
          <v2>6</v2>
          <v3>7</v3>
        </triangle>
        <triangle>
          <color>
            <r>0.423529</r>
            <g>0.0156863</g>
            <b>0</b>
            <a>1</a>
          </color>
          <v1>0</v1>
          <v2>4</v2>
          <v3>7</v3>
        </triangle>
        <triangle>
          <color>
            <r>0.423529</r>
            <g>0.0156863</g>
            <b>0</b>
            <a>1</a>
          </color>
          <v1>0</v1>
          <v2>7</v2>
          <v3>1</v3>
        </triangle>
        <triangle>
          <color>
            <r>1</r>
            <g>1</g>
            <b>1</b>
            <a>1</a>
          </color>
          <v1>1</v1>
          <v2>7</v2>
          <v3>6</v3>
        </triangle>
        <triangle>
          <color>
            <r>1</r>
            <g>1</g>
            <b>1</b>
            <a>1</a>
          </color>
          <v1>1</v1>
          <v2>6</v2>
          <v3>2</v3>
        </triangle>
        <triangle>
          <color>
            <r>0.960784</r>
            <g>1</g>
            <b>0</b>
            <a>1</a>
          </color>
          <v1>2</v1>
          <v2>6</v2>
          <v3>5</v3>
        </triangle>
        <triangle>
          <color>
            <r>0.960784</r>
            <g>1</g>
            <b>0</b>
            <a>1</a>
          </color>
          <v1>2</v1>
          <v2>5</v2>
          <v3>3</v3>
        </triangle>
        <triangle>
          <color>
            <r>1</r>
            <g>1</g>
            <b>1</b>
            <a>1</a>
          </color>
          <v1>4</v1>
          <v2>0</v2>
          <v3>3</v3>
        </triangle>
        <triangle>
          <color>
            <r>1</r>
            <g>1</g>
            <b>1</b>
            <a>1</a>
          </color>
          <v1>4</v1>
          <v2>3</v2>
          <v3>5</v3>
        </triangle>
      </volume>
    </mesh>
  </object>
</amf>
